<?xml version="1.0"?>
<!DOCTYPE modification SYSTEM "http://www.simplemachines.org/xml/modification">
<modification xmlns="http://www.simplemachines.org/xml/modification" xmlns:smf="http://www.simplemachines.org/">
	<id>XiaoqingZhou:HidePost</id>
	<version>1.0.5</version>
	<homepage>http://www.anetcity.com</homepage>
	<file name="$boarddir/Themes/classic/Display.template.php">
		<operation>
			<search position="after"><![CDATA[
		// Can they reply?  Have they turned on quick reply?
]]></search>
			<add><![CDATA[
		if ($message['can_view_post']) {]]></add>
		</operation>
		<operation>
			<search position="after"><![CDATA[
		// Show a checkbox for quick moderation?
]]></search>
			<add><![CDATA[
		}]]></add>
		</operation>
	</file>
	<file name="$boarddir/Themes/classic/Post.template.php">
		<operation>
			<search position="before"><![CDATA[
											<div id="postMoreOptions">
]]></search>
			<add><![CDATA[											';

	// Display the hidden post options - if they are available to the user!
	if ($context['can_hide_post'])
	{
		echo '
												', $txt['hide_this_post'], ': <select name="hiddenOption" id="hiddenOption">';

	// Loop through each encrypt option allowed, adding it to the drop down list.
	foreach ($context['hidden_options'] as $hidden_option)
		echo '
												<option value="', $hidden_option['value'], '"', $hidden_option['value'] == $context['hidden_option'] ? ' selected="selected"' : '', '>', $hidden_option['name'], '</option>';

		echo '
												</select>
												', $context['max_hidden_value'], ' <input type="text" name="hiddenValue" value="', $context['hidden_value'], '" size="4" />';
	}

	echo '
]]></add>
		</operation>
		<operation>
			<search position="replace"><![CDATA[
									<a href="#top" onclick="return insertQuoteFast(', $post['id'], ');">' . $txt[260] . '</a>
]]></search>
			<add><![CDATA[
						', (($post['can_view_post']) ? ('<a href="#top" onclick="return insertQuoteFast(' . $post['id'] . ');">' . $txt[260] . '</a>') : ''), '
]]></add>
		</operation>
	</file>
	<file name="$boarddir/Themes/classic/Recent.template.php">
		<operation>
			<search position="replace"><![CDATA[
		if ($post['can_reply'])
]]></search>
			<add><![CDATA[
		if ($post['can_reply'] && $post['can_view_post'])
]]></add>
		</operation>
	</file>
</modification>
