<?xml version="1.0"?>
<!DOCTYPE modification SYSTEM "http://www.simplemachines.org/xml/modification">
<modification xmlns="http://www.simplemachines.org/xml/modification" xmlns:smf="http://www.simplemachines.org/">
	<id>XiaoqingZhou:HidePost</id>
	<version>1.0.7</version>
	<homepage>http://www.anetcity.com</homepage>
	<file name="$sourcedir/Display.php">
		<operation>
			<search position="before"><![CDATA[
				ID_MSG, icon, subject, posterTime, posterIP, ID_MEMBER, modifiedTime, modifiedName, body,
]]></search>
			<add><![CDATA[				hiddenOption, hiddenValue, ID_BOARD,
]]></add>
		</operation>
		<operation>
			<search position="after"><![CDATA[
	// Run BBC interpreter on the message.
]]></search>
			<add><![CDATA[
	// Hide the post or Not? --- XD
	$message['can_view_post'] = 1;
	if (!empty($modSettings['allow_hiddenPost']) && $message['hiddenOption'] > 0)
	{
		global $sourcedir;
		require_once($sourcedir . '/HidePost.php');
		$message['ID_TOPIC'] = $topic;
		$context['current_message'] = $message;
		$message['body'] = getHiddenMessage();
		$message['can_view_post'] = $context['can_view_post'];
	}]]></add>
		</operation>
		<operation>
			<search position="replace"><![CDATA[
		'attachment' => loadAttachmentContext($message['ID_MSG']),
]]></search>
			<add><![CDATA[
		'attachment' => empty($message['can_view_post']) ? array() : loadAttachmentContext($message['ID_MSG']),
]]></add>
		</operation>
		<operation>
			<search position="before"><![CDATA[
		'can_see_ip' => allowedTo('moderate_forum') || ($message['ID_MEMBER'] == $ID_MEMBER && !empty($ID_MEMBER)),
]]></search>
			<add><![CDATA[		'can_view_post' => $message['can_view_post'],
]]></add>
		</operation>
	</file>
	<file name="$sourcedir/Load.php">
		<operation>
			<search position="before"><![CDATA[
		'total_time_logged_in' => empty($user_settings['totalTimeLoggedIn']) ? 0 : $user_settings['totalTimeLoggedIn'],
]]></search>
			<add><![CDATA[		'karma' => array(
			'good' => isset($user_settings['karmaGood']) ? $user_settings['karmaGood'] : 0,
			'bad' => isset($user_settings['karmaBad']) ? $user_settings['karmaBad'] : 0,
		),
]]></add>
		</operation>
		<operation>
			<search position="before"><![CDATA[
	loadLanguage('Modifications', '', false);
]]></search>
			<add><![CDATA[	loadLanguage('HidePost');
]]></add>
		</operation>
	</file>
	<file name="$sourcedir/ManagePermissions.php">
		<operation>
			<search position="before"><![CDATA[
	$groupLevels['board']['restrict'] = array(
]]></search>
			<add><![CDATA[		'view_hidden_msg',
		'view_hidden_post',
		'hide_post_own',
]]></add>
		</operation>
		<operation>
			<search position="before"><![CDATA[
	$groupLevels['board']['standard'] = array_merge($groupLevels['board']['restrict'], array(
]]></search>
			<add><![CDATA[		'hide_post_any',
]]></add>
		</operation>
		<operation>
			<search position="after"><![CDATA[
				'report_any' => false,
]]></search>
			<add><![CDATA[
				'hide_post' => true,
				'view_hidden_post' => false,
				'view_hidden_msg' => false,]]></add>
		</operation>
	</file>
	<file name="$sourcedir/ModSettings.php">
		<operation>
			<search position="after"><![CDATA[
		'',
			// Reporting of personal messages?
			array('check', 'enableReportPM'),
]]></search>
			<add><![CDATA[
		'',
			// Hide post or not? ;).
			array('check', 'allow_hiddenPost'),
			array('check', 'show_hiddenMessage'),
			array('int', 'max_hiddenValue'),
			array('text', 'show_hiddenColor'),]]></add>
		</operation>
		<operation>
			<search position="before"><![CDATA[
	loadLanguage('Help');
]]></search>
			<add><![CDATA[	loadLanguage('HidePost');
]]></add>
		</operation>
	</file>
	<file name="$sourcedir/Post.php">
		<operation>
			<search position="after"><![CDATA[
		$context['can_lock'] = allowedTo('lock_any') || ($ID_MEMBER == $ID_MEMBER_POSTER && allowedTo('lock_own'));
]]></search>
			<add><![CDATA[
		$context['can_hide_post'] = (allowedTo('hide_post_any') ||  ($ID_MEMBER == $ID_MEMBER_POSTER && allowedTo('hide_post_own'))) && !empty($modSettings['allow_hiddenPost']);]]></add>
		</operation>
		<operation>
			<search position="before"><![CDATA[
		// !!! These won't work if you're making an event.
]]></search>
			<add><![CDATA[		$context['can_hide_post'] = allowedTo(array('hide_post_any', 'hide_post_own')) && !empty($modSettings['allow_hiddenPost']);
]]></add>
		</operation>
		<operation>
			<search position="before"><![CDATA[
	// !!! These won't work if you're posting an event!
]]></search>
			<add><![CDATA[	$context['max_hidden_value'] = sprintf($txt['hide_value'], $modSettings['max_hiddenValue']);
]]></add>
		</operation>
		<operation>
			<search position="after"><![CDATA[
				IFNULL(a.size, -1) AS filesize, a.filename, a.ID_ATTACH,
]]></search>
			<add><![CDATA[
				m.hiddenOption, m.hiddenValue,]]></add>
		</operation>
		<operation>
			<search position="before"><![CDATA[
		// Check the boxes that should be checked.
]]></search>
			<add><![CDATA[		$context['hidden_option'] = $row['hiddenOption'];
		$context['hidden_value'] = $row['hiddenValue'];

]]></add>
		</operation>
		<operation>
			<search position="before"><![CDATA[
		$context['icon'] = 'xx';
]]></search>
			<add><![CDATA[		$context['hidden_option'] = 0;
		$context['hidden_value'] = 0;

]]></add>
		</operation>
		<operation>
			<search position="after"><![CDATA[
	if (isset($topic))
		getTopic();
]]></search>
			<add><![CDATA[
	// Set hidden options for posts.
	$context['hidden_options'] = array(
		array('value' => 0, 'name' => $txt['hide_select']),
		array('value' => 1, 'name' => $txt['hide_login']),								
		array('value' => 2, 'name' => $txt['hide_reply']),
		array('value' => 3, 'name' => $txt['hide_karma']),
		array('value' => 4, 'name' => $txt['hide_posts']),
	);

	$found = false;
	for ($i = 0, $n = count($context['hidden_options']); $i < $n; $i++)
	{
		$context['hidden_options'][$i]['selected'] = $context['hidden_option'] == $context['hidden_options'][$i]['value'];
		if ($context['icons'][$i]['selected'])
			$found = true;
	}]]></add>
		</operation>
		<operation>
			<search position="after"><![CDATA[
		// If the number of replies has changed, if the setting is enabled, go back to Post() - which handles the error.
]]></search>
			<add><![CDATA[
		if (isset($_POST['hiddenOption']) && !((allowedTo('hide_post_any') || ($ID_MEMBER == $ID_MEMBER_POSTER && allowedTo('hide_post_own'))) && !empty($modSettings['allow_hiddenPost'])))
			unset($_POST['hiddenOption']);]]></add>
		</operation>
		<operation>
			<search position="after"><![CDATA[
	// Prevent double submission of this form.
]]></search>
			<add><![CDATA[
	// Fix the hidden post option.
	if (isset($_POST['hiddenOption']))
	{
		$_POST['hiddenOption'] = (int) $_POST['hiddenOption'];
		$_POST['hiddenValue'] = (int) $_POST['hiddenValue'];
		// Fix hidden option.
		if ($_POST['hiddenOption'] < 0 || $_POST['hiddenOption'] > 4)
			$_POST['hiddenOption'] = 0;
		// Fix hidden value.
		if ($_POST['hiddenValue'] > $modSettings['max_hiddenValue'])
			$_POST['hiddenValue'] = $modSettings['max_hiddenValue'];
		if ($_POST['hiddenValue'] < 0)
			$_POST['hiddenValue'] = 0;
		if ($_POST['hiddenOption'] < 3)
			$_POST['hiddenValue'] = 0;
	}
	else {
		$_POST['hiddenOption'] = 0;
		$_POST['hiddenValue'] = 0;
	}]]></add>
		</operation>
		<operation>
			<search position="before"><![CDATA[
		'attachments' => empty($attachIDs) ? array() : $attachIDs,
]]></search>
			<add><![CDATA[		'hiddenOption' => (empty($_POST['hiddenOption']) ? 0 : $_POST['hiddenOption']),
		'hiddenValue' => (empty($_POST['hiddenValue']) ? 0 : $_POST['hiddenValue']),
]]></add>
		</operation>
		<operation>
			<search position="before"><![CDATA[
		SELECT IFNULL(mem.realName, m.posterName) AS posterName, m.posterTime, m.body, m.smileysEnabled, m.ID_MSG
]]></search>
			<add><![CDATA[			,m.hiddenOption, m.hiddenValue, m.ID_MEMBER, m.ID_BOARD
]]></add>
		</operation>
		<operation>
			<search position="before"><![CDATA[
		// ...and store.
		$context['previous_posts'][] = array(
]]></search>
			<add><![CDATA[			'can_view_post' => $row['can_view_post'],
]]></add>
		</operation>
		<operation>
			<search position="after"><![CDATA[
		// Censor, BBC, ...
]]></search>
			<add><![CDATA[
		// Hide the post in preview or not? --- XD
		$row['can_view_post'] = 1;
		if (!empty($modSettings['allow_hiddenPost']) && $row['hiddenOption'] > 0)
		{
			global $sourcedir;
			require_once($sourcedir . '/HidePost.php');
			$row['ID_TOPIC'] = $topic;
			$context['current_message'] = $row;
			$row['body'] = getHiddenMessage();
			$row['can_view_post'] = $context['can_view_post'];
		}]]></add>
		</operation>
		<operation>
			<search position="after"><![CDATA[
	// Check if it's locked.  It isn't locked if no topic is specified.
]]></search>
			<add><![CDATA[
	$context['can_hide_post'] = 0;
	$context['hidden_option'] = 0;
	$context['hidden_value'] = 0;]]></add>
		</operation>
	</file>
	<file name="$sourcedir/Printpage.php">
		<operation>
			<search position="before"><![CDATA[
		SELECT subject, posterTime, body, IFNULL(mem.realName, posterName) AS posterName
]]></search>
			<add><![CDATA[			,m.hiddenOption, m.hiddenValue, m.ID_BOARD, m.ID_MEMBER
]]></add>
		</operation>
		<operation>
			<search position="after"><![CDATA[
		// Censor the subject and message.
]]></search>
			<add><![CDATA[
		// Hide the post or Not? For print results. --- XD
		$row['can_view_post'] = 1;
		if (!empty($modSettings['allow_hiddenPost']) && $row['hiddenOption'] > 0)
		{
			global $sourcedir;
			require_once($sourcedir . '/HidePost.php');
			$row['ID_TOPIC'] = $topic;
			$context['current_message'] = $row;
			$row['body'] = getHiddenMessage(1);
			$row['can_view_post'] = $context['can_view_post'];
		}]]></add>
		</operation>
		<operation>
			<search position="before"><![CDATA[
	global $db_prefix, $topic, $txt, $scripturl, $context;
]]></search>
			<add><![CDATA[	global $modSettings;
]]></add>
		</operation>
	</file>
	<file name="$sourcedir/Profile.php">
		<operation>
			<search position="before"><![CDATA[
				t.ID_MEMBER_STARTED, t.ID_FIRST_MSG, t.ID_LAST_MSG, m.body, m.smileysEnabled,
]]></search>
			<add><![CDATA[				m.hiddenOption, m.hiddenValue, m.ID_MEMBER,
]]></add>
		</operation>
		<operation>
			<search position="after"><![CDATA[
		// Do the code.
]]></search>
			<add><![CDATA[
		// Hide the post or Not? For user posts in profile. --- XD
		$row['can_view_post'] = 1;
		if (!empty($modSettings['allow_hiddenPost']) && $row['hiddenOption'] > 0)
		{
			global $sourcedir;
			require_once($sourcedir . '/HidePost.php');
			$context['current_message'] = $row;
			$row['body'] = getHiddenMessage();
			$row['can_view_post'] = $context['can_view_post'];
		}]]></add>
		</operation>
		<operation>
			<search position="before"><![CDATA[
			'delete_possible' => ($row['ID_FIRST_MSG'] != $row['ID_MSG'] || $row['ID_LAST_MSG'] == $row['ID_MSG']) && (empty($modSettings['edit_disable_time']) || $row['posterTime'] + $modSettings['edit_disable_time'] * 60 >= time()),
]]></search>
			<add><![CDATA[			'can_view_post' => $row['can_view_post'],
]]></add>
		</operation>
	</file>
	<file name="$sourcedir/Recent.php">
		<operation>
			<search position="before"><![CDATA[
			b.name AS bname, c.name AS cname, t.numReplies, m.ID_MEMBER, m2.ID_MEMBER AS ID_FIRST_MEMBER,
]]></search>
			<add><![CDATA[			m.hiddenOption, m.hiddenValue,
]]></add>
		</operation>
		<operation>
			<search position="after"><![CDATA[
		// Censor everything.
]]></search>
			<add><![CDATA[
		// Hide the post or Not? For recent posts. --- XD
		$row['can_view_post'] = 1;
		if (!empty($modSettings['allow_hiddenPost']) && $row['hiddenOption'] > 0)
		{
			global $sourcedir;
			require_once($sourcedir . '/HidePost.php');
			// For recent posts!!!
			$context['current_message'] = $row;
			$row['body'] = getHiddenMessage();
			$row['can_view_post'] = $context['can_view_post'];
		}]]></add>
		</operation>
		<operation>
			<search position="before"><![CDATA[
		// And build the array.
		$context['posts'][$row['ID_MSG']] = array(
]]></search>
			<add><![CDATA[			'can_view_post' => $row['can_view_post'],
]]></add>
		</operation>
	</file>
	<file name="$sourcedir/Security.php">
		<operation error="ignore">
			<search position="replace"><![CDATA[
	global $user_info, $db_prefix, $modSettings;

	// You're always allowed to do nothing. (unless you're a working man, MR. LAZY :P!)
]]></search>
			<add><![CDATA[
	global $user_info, $db_prefix, $modSettings, $ID_MEMBER;

	// You're always allowed to do nothing. (unless you're a working man, MR. LAZY :P!)
]]></add>
		</operation>
	</file>
	<file name="$sourcedir/Subs-Post.php">
		<operation>
			<search position="after"><![CDATA[
	// Change the post.
]]></search>
			<add><![CDATA[
	if (isset($msgOptions['hiddenOption']))
		$messages_columns[] = "hiddenOption = '$msgOptions[hiddenOption]'";
	if (isset($msgOptions['hiddenValue']))
		$messages_columns[] = "hiddenValue = '$msgOptions[hiddenValue]'";]]></add>
		</operation>
		<operation>
			<search position="before"><![CDATA[
	// Set optional parameters to the default value.
]]></search>
			<add><![CDATA[	$msgOptions['hiddenOption'] = empty($msgOptions['hiddenOption']) ? '-----' : $msgOptions['hiddenOption'];
	$msgOptions['hiddenValue'] = empty($msgOptions['hiddenValue']) ? 0 : $msgOptions['hiddenValue'];
]]></add>
		</operation>
		<operation>
			<search position="before"><![CDATA[
			(ID_BOARD, ID_TOPIC, ID_MEMBER, subject, body, posterName, posterEmail, posterTime,
]]></search>
			<add><![CDATA[			hiddenOption, hiddenValue,
]]></add>
		</operation>
		<operation>
			<search position="before"><![CDATA[
		VALUES ($topicOptions[board], $topicOptions[id], $posterOptions[id], SUBSTRING('$msgOptions[subject]', 1, 255), SUBSTRING('$msgOptions[body]', 1, 65534), SUBSTRING('$posterOptions[name]', 1, 255), SUBSTRING('$posterOptions[email]', 1, 255), " . time() . ",
]]></search>
			<add><![CDATA[			'$msgOptions[hiddenOption]', '$msgOptions[hiddenValue]',
]]></add>
		</operation>
	</file>
	<file name="$themedir/Display.template.php">
		<operation>
			<search position="after"><![CDATA[
		// Can they reply? Have they turned on quick reply?
]]></search>
			<add><![CDATA[
		if ($message['can_view_post']) {]]></add>
		</operation>
		<operation>
			<search position="after"><![CDATA[
		// Show a checkbox for quick moderation?
]]></search>
			<add><![CDATA[
		}]]></add>
		</operation>
	</file>
	<file name="$themedir/Post.template.php">
		<operation>
			<search position="before"><![CDATA[
											<div id="postMoreOptions">
]]></search>
			<add><![CDATA[											';

	// Display the hidden post options - if they are available to the user!
	if ($context['can_hide_post'])
	{
		echo '
												', $txt['hide_this_post'], ': <select name="hiddenOption" id="hiddenOption">';

	// Loop through each encrypt option allowed, adding it to the drop down list.
	foreach ($context['hidden_options'] as $hidden_option)
		echo '
												<option value="', $hidden_option['value'], '"', $hidden_option['value'] == $context['hidden_option'] ? ' selected="selected"' : '', '>', $hidden_option['name'], '</option>';

		echo '
												</select>
												', $context['max_hidden_value'], ' <input type="text" name="hiddenValue" value="', $context['hidden_value'], '" size="4" />';
	}

	echo '
]]></add>
		</operation>
		<operation>
			<search position="before"><![CDATA[
		foreach ($context['previous_posts'] as $post)
]]></search>
			<add><![CDATA[		{
]]></add>
		</operation>
		<operation>
			<search position="replace"><![CDATA[
									<div align="right" class="smalltext"><a href="#top" onclick="return insertQuoteFast(', $post['id'], ');">', $txt[260], '</a></div>
									<div class="post">', $post['message'], '</div>
								</td>
							</tr>';
]]></search>
			<add><![CDATA[
								';
			if ($post['can_view_post'])
				echo '
									<div align="right" class="smalltext"><a href="#top" onclick="return insertQuoteFast(', $post['id'], ');">', $txt[260], '</a></div>';
			echo '
									<div class="post">', $post['message'], '</div>
								</td>
							</tr>';
		}
]]></add>
		</operation>
	</file>
	<file name="$themedir/Profile.template.php">
		<operation>
			<search position="after"><![CDATA[
			if ($post['can_reply'])
]]></search>
			<add><![CDATA[
			if ($post['can_reply'] && $post['can_view_post'])
				echo '
								<a href="', $scripturl, '?action=post;topic=', $post['topic'], '.', $post['start'], '">', ($settings['use_image_buttons'] ? '<img src="' . $settings['images_url'] . '/' . $context['user']['language'] . '/reply_sm.gif" alt="' . $txt[146] . '" border="0" />' : $txt[146]), '</a>';
			else]]></add>
		</operation>
	</file>
	<file name="$themedir/Recent.template.php">
		<operation>
			<search position="replace"><![CDATA[
		if ($post['can_reply'])
]]></search>
			<add><![CDATA[
		if ($post['can_reply'] && $post['can_view_post'])
]]></add>
		</operation>
	</file>
</modification>
