<?xml version="1.0"?>
<!DOCTYPE modification SYSTEM "http://www.simplemachines.org/xml/modification">
<modification xmlns="http://www.simplemachines.org/xml/modification" xmlns:smf="http://www.simplemachines.org/">
	<id>XiaoqingZhou:HidePost11</id>
	<version>1.2</version>
	<homepage>http://www.anetcity.com</homepage>
	<file name="$sourcedir/Display.php">
		<operation>
			<search position="before"><![CDATA[
				id_msg, icon, subject, poster_time, poster_ip, id_member, modified_time, modified_name, body,
]]></search>
			<add><![CDATA[				hiddenOption, hiddenValue, hiddenInfo, id_board,
]]></add>
		</operation>
		<operation>
			<search position="after"><![CDATA[
	// Run BBC interpreter on the message.
]]></search>
			<add><![CDATA[
	// Hide the post or Not? --- XD
	$message['can_view_post'] = 1;
	if (!empty($modSettings['allow_hiddenPost']) && $message['hiddenOption'] > 0)
	{
		global $sourcedir;
		require_once($sourcedir . '/HidePost.php');
		$message['id_topic'] = $topic;
		$context['current_message'] = $message;
		$message['body'] = getHiddenMessage();
		$message['can_view_post'] = $context['can_view_post'];
	}]]></add>
		</operation>
		<operation>
			<search position="replace"><![CDATA[
		'attachment' => loadAttachmentContext($message['id_msg']),
]]></search>
			<add><![CDATA[
		'attachment' => empty($message['can_view_post']) ? array() : loadAttachmentContext($message['id_msg']),
]]></add>
		</operation>
		<operation>
			<search position="before"><![CDATA[
		'body' => $message['body'],
]]></search>
			<add><![CDATA[		'can_view_post' => $message['can_view_post'],
]]></add>
		</operation>
	</file>
	<file name="$sourcedir/Load.php">
		<operation>
			<search position="before"><![CDATA[
		'permissions' => array(),
]]></search>
			<add><![CDATA[		'karma' => array(
			'good' => isset($user_settings['karmaGood']) ? $user_settings['karmaGood'] : 0,
			'bad' => isset($user_settings['karmaBad']) ? $user_settings['karmaBad'] : 0,
		),
]]></add>
		</operation>
		<operation>
			<search position="after"><![CDATA[
	// Initialize the theme.
]]></search>
			<add><![CDATA[
	// Load language file for HidePost Mod
	loadLanguage('HidePost');]]></add>
		</operation>
	</file>
	<file name="$sourcedir/ManagePermissions.php">
		<operation>
			<search position="before"><![CDATA[
	$groupLevels['board']['restrict'] = array(
]]></search>
			<add><![CDATA[		'view_hidden_msg',
		'view_hidden_post',
		'hide_post_own',
]]></add>
		</operation>
		<operation>
			<search position="before"><![CDATA[
	$groupLevels['board']['standard'] = array_merge($groupLevels['board']['restrict'], array(
]]></search>
			<add><![CDATA[		'hide_post_any',
]]></add>
		</operation>
		<operation>
			<search position="before"><![CDATA[
			'report_any' => array(false, 'post', 'participate'),
]]></search>
			<add><![CDATA[			'hide_post' => array(true, 'post', 'modify', 'moderate'),
			'view_hidden_post' => array(false, 'post', 'modify', 'moderate'),
			'view_hidden_msg' => array(false, 'post', 'modify', 'moderate'),
]]></add>
		</operation>
	</file>
	<file name="$sourcedir/ManageSettings.php">
		<operation>
			<search position="after"><![CDATA[
		'',
			// Reporting of personal messages?
			array('check', 'enableReportPM'),
]]></search>
			<add><![CDATA[
		'',
			// Hide post or not? ;).
			array('check', 'allow_hiddenPost'),
			array('check', 'show_hiddenMessage'),
			array('int', 'max_hiddenValue'),
			array('text', 'show_hiddenColor'),
			array('int', 'hidden_info_length'),]]></add>
		</operation>
		<operation>
			<search position="before"><![CDATA[
	loadLanguage('Help');
]]></search>
			<add><![CDATA[	loadLanguage('HidePost');
]]></add>
		</operation>
	</file>
	<file name="$sourcedir/Post.php">
		<operation>
			<search position="replace"><![CDATA[
			list ($form_subject, $mname, $mdate, $form_message) = $smcFunc['db_fetch_row']($request);
]]></search>
			<add><![CDATA[
		
			// Hide the post in quotes or not? --- XD				
			$row = $smcFunc['db_fetch_assoc']($request);			
			$form_subject = $row['subject'];
			$mname = $row['posterName'];
			$mdate = $row['posterTime'];
			if (!empty($modSettings['allow_hiddenPost']) && $row['hiddenOption'] > 0)
			{
				global $sourcedir;
				require_once($sourcedir . '/HidePost.php');
				$context['current_message'] = $row;
				$form_message = getHiddenMessage();
			} else
				$form_message = $row['body'];

]]></add>
		</operation>
		<operation>
			<search position="before"><![CDATA[
				SELECT m.subject, IFNULL(mem.real_name, m.poster_name) AS poster_name, m.poster_time, m.body
]]></search>
			<add><![CDATA[					,m.id_board, m.id_topic, m.id_member, m.hiddenOption, m.hiddenValue, m.hiddenInfo
]]></add>
		</operation>
		<operation>
			<search position="after"><![CDATA[
		$context['can_lock'] = allowedTo('lock_any') || ($user_info['id'] == $ID_MEMBER_POSTER && allowedTo('lock_own'));
]]></search>
			<add><![CDATA[
		$context['can_hide_post'] = (allowedTo('hide_post_any') ||  ($user_info['id'] == $ID_MEMBER_POSTER && allowedTo('hide_post_own'))) && !empty($modSettings['allow_hiddenPost']);]]></add>
		</operation>
		<operation>
			<search position="before"><![CDATA[
		// !!! These won't work if you're making an event.
]]></search>
			<add><![CDATA[		$context['can_hide_post'] = allowedTo(array('hide_post_any', 'hide_post_own')) && !empty($modSettings['allow_hiddenPost']);
]]></add>
		</operation>
		<operation>
			<search position="before"><![CDATA[
	// !!! These won't work if you're posting an event!
]]></search>
			<add><![CDATA[	$context['max_hidden_value'] = sprintf($txt['hide_value'], $modSettings['max_hiddenValue']);
]]></add>
		</operation>
		<operation>
			<search position="after"><![CDATA[
				IFNULL(a.size, -1) AS filesize, a.filename, a.id_attach,
]]></search>
			<add><![CDATA[
				m.hiddenOption, m.hiddenValue, m.hiddenInfo,]]></add>
		</operation>
		<operation>
			<search position="before"><![CDATA[
		// Check the boxes that should be checked.
]]></search>
			<add><![CDATA[		$context['hidden_option'] = $row['hiddenOption'];
		$context['hidden_value'] = $row['hiddenValue'];
		$context['hidden_info'] = $row['hiddenInfo'];

]]></add>
		</operation>
		<operation>
			<search position="before"><![CDATA[
		$context['icon'] = 'xx';
]]></search>
			<add><![CDATA[		$context['hidden_option'] = 0;
		$context['hidden_value'] = 0;
		$context['hidden_info'] = '';

]]></add>
		</operation>
		<operation>
			<search position="after"><![CDATA[
	// Register this form in the session variables.
]]></search>
			<add><![CDATA[
	// Set hidden options for posts.
	$context['hidden_options'] = array(
		array('value' => 0, 'name' => $txt['hide_select']),
		array('value' => 1, 'name' => $txt['hide_login']),								
		array('value' => 2, 'name' => $txt['hide_reply']),
		array('value' => 4, 'name' => $txt['hide_posts']),
	);
	if (!empty($modSettings['karmaMode']))
		$context['hidden_options'][] = array('value' => 3, 'name' => $txt['hide_karma']);
	if (allowedTo('moderate_board'))
		$context['hidden_options'][] = array('value' => 5, 'name' => $txt['hide_moderator']);

	$found = false;
	for ($i = 0, $n = count($context['hidden_options']); $i < $n; $i++)
	{
		$context['hidden_options'][$i]['selected'] = $context['hidden_option'] == $context['hidden_options'][$i]['value'];
		if ($context['icons'][$i]['selected'])
			$found = true;
	}]]></add>
		</operation>
		<operation>
			<search position="after"><![CDATA[
		// If the number of replies has changed, if the setting is enabled, go back to Post() - which handles the error.
]]></search>
			<add><![CDATA[
		if (isset($_POST['hiddenOption']) && !((allowedTo('hide_post_any') || ($user_info['id'] == $ID_MEMBER_POSTER && allowedTo('hide_post_own'))) && !empty($modSettings['allow_hiddenPost'])))
			unset($_POST['hiddenOption']);]]></add>
		</operation>
		<operation>
			<search position="after"><![CDATA[
	// Prevent double submission of this form.
]]></search>
			<add><![CDATA[
	// Fix the hidden post option.
	if (isset($_POST['hiddenOption']))
	{
		$_POST['hiddenOption'] = (int) $_POST['hiddenOption'];
		$_POST['hiddenValue'] = (int) $_POST['hiddenValue'];
		// Fix hidden option.
		if ($_POST['hiddenOption'] < 0 || $_POST['hiddenOption'] > 5)
			$_POST['hiddenOption'] = 0;
		// Fix hidden value.
		if ($_POST['hiddenValue'] > $modSettings['max_hiddenValue'])
			$_POST['hiddenValue'] = $modSettings['max_hiddenValue'];
		if ($_POST['hiddenValue'] < 0)
			$_POST['hiddenValue'] = 0;
		if ($_POST['hiddenOption'] < 3 || $_POST['hiddenOption'] == 5)
			$_POST['hiddenValue'] = 0;
		if (empty($_POST['hiddenOption'])) $_POST['hiddenInfo'] = '';
		if (!empty($modSettings['hidden_info_length']) && strlen($_POST['hiddenInfo']) > $modSettings['hidden_info_length'])
			$_POST['hiddenInfo'] = substr($_POST['hiddenInfo'], 0, $modSettings['hidden_info_length']);
	}
	else {
		$_POST['hiddenOption'] = 0;
		$_POST['hiddenValue'] = 0;
		$_POST['hiddenInfo'] = '';
	}]]></add>
		</operation>
		<operation>
			<search position="before"><![CDATA[
		'attachments' => empty($attachIDs) ? array() : $attachIDs,
]]></search>
			<add><![CDATA[		'hiddenOption' => (empty($_POST['hiddenOption']) ? 0 : $_POST['hiddenOption']),
		'hiddenValue' => (empty($_POST['hiddenValue']) ? 0 : $_POST['hiddenValue']),
		'hiddenInfo' => (empty($_POST['hiddenInfo']) ? '' : $_POST['hiddenInfo']),
]]></add>
		</operation>
		<operation>
			<search position="before"><![CDATA[
		SELECT IFNULL(mem.real_name, m.poster_name) AS poster_name, m.poster_time, m.body, m.smileys_enabled, m.id_msg
]]></search>
			<add><![CDATA[			,m.hiddenOption, m.hiddenValue, m.hiddenInfo, m.id_member, m.id_board
]]></add>
		</operation>
		<operation>
			<search position="before"><![CDATA[
		// ...and store.
		$context['previous_posts'][] = array(
]]></search>
			<add><![CDATA[			'can_view_post' => $row['can_view_post'],
]]></add>
		</operation>
		<operation>
			<search position="after"><![CDATA[
		// Censor, BBC, ...
]]></search>
			<add><![CDATA[
		// Hide the post in preview or not? --- XD
		$row['can_view_post'] = 1;
		if (!empty($modSettings['allow_hiddenPost']) && $row['hiddenOption'] > 0)
		{
			global $sourcedir;
			require_once($sourcedir . '/HidePost.php');
			$row['id_topic'] = $topic;
			$context['current_message'] = $row;
			$row['body'] = getHiddenMessage();
			$row['can_view_post'] = $context['can_view_post'];
		}]]></add>
		</operation>
		<operation>
			<search position="after"><![CDATA[
	// Check if it's locked.  It isn't locked if no topic is specified.
]]></search>
			<add><![CDATA[
	$context['can_hide_post'] = 0;
	$context['hidden_option'] = 0;
	$context['hidden_value'] = 0;
	$context['hidden_info'] = '';]]></add>
		</operation>
	</file>
	<file name="$sourcedir/Printpage.php">
		<operation>
			<search position="before"><![CDATA[
		SELECT subject, poster_time, body, IFNULL(mem.real_name, poster_name) AS poster_name
]]></search>
			<add><![CDATA[			,m.hiddenOption, m.hiddenValue, m.hiddenInfo, m.id_board, m.id_member
]]></add>
		</operation>
		<operation>
			<search position="after"><![CDATA[
		// Censor the subject and message.
]]></search>
			<add><![CDATA[
		// Hide the post or Not? For print results. --- XD
		$row['can_view_post'] = 1;
		if (!empty($modSettings['allow_hiddenPost']) && $row['hiddenOption'] > 0)
		{
			global $sourcedir;
			require_once($sourcedir . '/HidePost.php');
			$row['id_topic'] = $topic;
			$context['current_message'] = $row;
			$row['body'] = getHiddenMessage(1);
			$row['can_view_post'] = $context['can_view_post'];
		}]]></add>
		</operation>
		<operation>
			<search position="before"><![CDATA[
	global $board_info, $smcFunc;
]]></search>
			<add><![CDATA[	global $modSettings;
]]></add>
		</operation>
	</file>
	<file name="$sourcedir/Profile-View.php">
		<operation>
			<search position="before"><![CDATA[
				t.id_member_started, t.id_first_msg, t.id_last_msg, m.body, m.smileys_enabled,
]]></search>
			<add><![CDATA[				m.hiddenOption, m.hiddenValue, m.hiddenInfo, m.id_member,
]]></add>
		</operation>
		<operation>
			<search position="after"><![CDATA[
		// Do the code.
]]></search>
			<add><![CDATA[
		// Hide the post or Not? For user posts in profile. --- XD
		$row['can_view_post'] = 1;
		if (!empty($modSettings['allow_hiddenPost']) && $row['hiddenOption'] > 0)
		{
			global $sourcedir;
			require_once($sourcedir . '/HidePost.php');
			$context['current_message'] = $row;
			$row['body'] = getHiddenMessage();
			$row['can_view_post'] = $context['can_view_post'];
		}]]></add>
		</operation>
		<operation>
			<search position="before"><![CDATA[
			'id' => $row['id_msg'],
]]></search>
			<add><![CDATA[			'can_view_post' => $row['can_view_post'],
]]></add>
		</operation>
	</file>
	<file name="$sourcedir/Recent.php">
		<operation>
			<search position="before"><![CDATA[
			b.name AS bname, c.name AS cname, t.num_replies, m.id_member, m2.id_member AS id_first_member,
]]></search>
			<add><![CDATA[			m.hiddenOption, m.hiddenValue, m.hiddenInfo,
]]></add>
		</operation>
		<operation>
			<search position="after"><![CDATA[
		// Censor everything.
]]></search>
			<add><![CDATA[
		// Hide the post or Not? For recent posts. --- XD
		$row['can_view_post'] = 1;
		if (!empty($modSettings['allow_hiddenPost']) && $row['hiddenOption'] > 0)
		{
			global $sourcedir;
			require_once($sourcedir . '/HidePost.php');
			// For recent posts!!!
			$context['current_message'] = $row;
			$row['body'] = getHiddenMessage();
			$row['can_view_post'] = $context['can_view_post'];
		}]]></add>
		</operation>
		<operation>
			<search position="before"><![CDATA[
			'message' => $row['body'],
]]></search>
			<add><![CDATA[			'can_view_post' => $row['can_view_post'],
]]></add>
		</operation>
	</file>
	<file name="$sourcedir/Search.php">
		<operation>
			<search position="before"><![CDATA[
				m.icon, m.poster_ip, m.body, m.smileys_enabled, m.modified_time, m.modified_name,
]]></search>
			<add><![CDATA[				m.hiddenOption, m.hiddenValue, m.hiddenInfo,
]]></add>
		</operation>
		<operation>
			<search position="after"><![CDATA[
	// Sadly, we need to check the icon ain't broke.
]]></search>
			<add><![CDATA[
	// Hide the post in search or not? --- XD				
	if (!empty($modSettings['allow_hiddenPost']) && $message['hiddenOption'] > 0)
	{
		global $sourcedir;
		require_once($sourcedir . '/HidePost.php');
		$context['current_message'] = $message;
		$message['body'] = getHiddenMessage(1);
	} 	]]></add>
		</operation>
	</file>
	<file name="$sourcedir/Security.php">
		<operation error="ignore">
			<search position="replace"><![CDATA[
	global $user_info, $db_prefix, $modSettings;

	// You're always allowed to do nothing. (unless you're a working man, MR. LAZY :P!)
]]></search>
			<add><![CDATA[
	global $user_info, $db_prefix, $modSettings;

	// You're always allowed to do nothing. (unless you're a working man, MR. LAZY :P!)
]]></add>
		</operation>
	</file>
	<file name="$sourcedir/Subs-Post.php">
		<operation>
			<search position="after"><![CDATA[
	// Change the post.
]]></search>
			<add><![CDATA[
	if (isset($msgOptions['hiddenOption']))
		$messages_columns[] = "hiddenOption = '$msgOptions[hiddenOption]'";
	if (isset($msgOptions['hiddenValue']))
		$messages_columns[] = "hiddenValue = '$msgOptions[hiddenValue]'";
	if (isset($msgOptions['hiddenInfo']))
		$messages_columns[] = "hiddenInfo = '$msgOptions[hiddenInfo]'";]]></add>
		</operation>
		<operation>
			<search position="before"><![CDATA[
	// Set optional parameters to the default value.
]]></search>
			<add><![CDATA[	$msgOptions['hiddenOption'] = empty($msgOptions['hiddenOption']) ? 0 : (int)$msgOptions['hiddenOption'];
	$msgOptions['hiddenValue'] = empty($msgOptions['hiddenValue']) ? 0 : (int)$msgOptions['hiddenValue'];
	$msgOptions['hiddenInfo'] = empty($msgOptions['hiddenInfo']) ? '' : $msgOptions['hiddenInfo'];	
]]></add>
		</operation>
		<operation>
			<search position="before"><![CDATA[
			'smileys_enabled' => 'int', 'modified_name' => 'string', 'icon' => 'string-16', 'approved' => 'int',
]]></search>
			<add><![CDATA[                        'hiddenOption' => 'int', 'hiddenValue' => 'int', 'hiddenInfo' => 'string-65534',
]]></add>
		</operation>
		<operation>
			<search position="before"><![CDATA[
			$msgOptions['smileys_enabled'] ? 1 : 0, '', $msgOptions['icon'], $msgOptions['approved'],
]]></search>
			<add><![CDATA[			$msgOptions['hiddenOption'], $msgOptions['hiddenValue'], $msgOptions['hiddenInfo'],
]]></add>
		</operation>
	</file>
	<file name="$themedir/Display.template.php">
		<operation>
			<search position="after"><![CDATA[
		// Can they reply? Have they turned on quick reply?
]]></search>
			<add><![CDATA[
		if ($message['can_view_post']) {]]></add>
		</operation>
		<operation>
			<search position="after"><![CDATA[
		// Show a checkbox for quick moderation?
]]></search>
			<add><![CDATA[
		}]]></add>
		</operation>
	</file>
	<file name="$themedir/Post.template.php">
		<operation>
			<search position="before"><![CDATA[
											<div id="postMoreOptions">
]]></search>
			<add><![CDATA[											';

	// Display the hidden post options - if they are available to the user!
	if ($context['can_hide_post'])
	{
		echo '
												', $txt['hide_this_post'], ': <select name="hiddenOption" id="hiddenOption">';

	// Loop through each encrypt option allowed, adding it to the drop down list.
	foreach ($context['hidden_options'] as $hidden_option)
		echo '
												<option value="', $hidden_option['value'], '"', $hidden_option['value'] == $context['hidden_option'] ? ' selected="selected"' : '', '>', $hidden_option['name'], '</option>';

		echo '
												</select>
												', $context['max_hidden_value'], ' <input type="text" name="hiddenValue" value="', $context['hidden_value'], '" size="4" /><br />
												', $txt['hide_info'], ': <input type="text" name="hiddenInfo" value="', $context['hidden_info'], '" size="100" maxlength="', $modSettings['hidden_info_length'], '" />';														
	}

	echo '
]]></add>
		</operation>
		<operation>
			<search position="before"><![CDATA[
		foreach ($context['previous_posts'] as $post)
]]></search>
			<add><![CDATA[		{
]]></add>
		</operation>
		<operation>
			<search position="replace"><![CDATA[
									<div align="right" class="smalltext"><a href="#top" onclick="return insertQuoteFast(', $post['id'], ');">', $txt['bbc_quote'], '</a></div>
									<div class="post">', $post['message'], '</div>
								</td>
							</tr>';
]]></search>
			<add><![CDATA[
								';
			if ($post['can_view_post'])
				echo '
									<div align="right" class="smalltext"><a href="#top" onclick="return insertQuoteFast(', $post['id'], ');">', $txt['bbc_quote'], '</a></div>';
			echo '
									<div class="post">', $post['message'], '</div>
								</td>
							</tr>';
		}
]]></add>
		</operation>
	</file>
	<file name="$themedir/Profile.template.php">
		<operation>
			<search position="after"><![CDATA[
			if ($post['can_reply'])
]]></search>
			<add><![CDATA[
			if ($post['can_reply'] && $post['can_view_post'])
				echo '
								<a href="', $scripturl, '?action=post;topic=', $post['topic'], '.', $post['start'], '">', ($settings['use_image_buttons'] ? '<img src="' . $settings['images_url'] . '/' . $context['user']['language'] . '/reply_sm.gif" alt="' . $txt[146] . '" border="0" />' : $txt[146]), '</a>';
			else]]></add>
		</operation>
	</file>
	<file name="$themedir/Recent.template.php">
		<operation>
			<search position="replace"><![CDATA[
		if ($post['can_reply'])
]]></search>
			<add><![CDATA[
		if ($post['can_reply'] && $post['can_view_post'])
]]></add>
		</operation>
	</file>
</modification>
