<?xml version="1.0"?>
<!DOCTYPE modification SYSTEM "http://www.simplemachines.org/xml/modification">
<modification xmlns="http://www.simplemachines.org/xml/modification" xmlns:smf="http://www.simplemachines.org/">
	<id>XiaoqingZhou:HidePost</id>
	<version>1.1</version>
	<homepage>http://www.anetcity.com</homepage>
	<file name="$boarddir/Themes/classic/Display.template.php">
		<operation>
			<search position="after"><![CDATA[
		// Can they reply?  Have they turned on quick reply?
]]></search>
			<add><![CDATA[
		if ($message['can_view_post']) {]]></add>
		</operation>
		<operation>
			<search position="after"><![CDATA[
		// Show a checkbox for quick moderation?
]]></search>
			<add><![CDATA[
		}]]></add>
		</operation>
	</file>
</modification>
