<?xml version="1.0"?>
<!DOCTYPE modification SYSTEM "http://www.simplemachines.org/xml/modification">
<modification xmlns="http://www.simplemachines.org/xml/modification" xmlns:smf="http://www.simplemachines.org/">
	<id>XiaoqingZhou:HidePost11</id>
	<version>1.0</version>
	<homepage>http://www.anetcity.com</homepage>
	<file name="$sourcedir/Display.php">
		<operation>
			<search position="replace"><![CDATA[
				hiddenOption, hiddenValue, ID_BOARD,
]]></search>
			<add><![CDATA[
				hiddenOption, hiddenValue, hiddenInfo, ID_BOARD,
]]></add>
		</operation>
	</file>
	<file name="$sourcedir/ModSettings.php">
		<operation>
			<search position="before"><![CDATA[
			array('text', 'show_hiddenColor'),
]]></search>
			<add><![CDATA[			array('int', 'hidden_info_length'),
]]></add>
		</operation>
	</file>
	<file name="$sourcedir/Post.php">
		<operation>
			<search position="replace"><![CDATA[
			list ($form_subject, $mname, $mdate, $form_message) = mysql_fetch_row($request);
]]></search>
			<add><![CDATA[
		
			// Hide the post in quotes or not? --- XD				
			$row = mysql_fetch_assoc($request);			
			$form_subject = $row['subject'];
			$mname = $row['posterName'];
			$mdate = $row['posterTime'];
			if (!empty($modSettings['allow_hiddenPost']) && $row['hiddenOption'] > 0)
			{
				global $sourcedir;
				require_once($sourcedir . '/HidePost.php');
				$context['current_message'] = $row;
				$form_message = getHiddenMessage();
			} else
				$form_message = $row['body'];

]]></add>
		</operation>
		<operation>
			<search position="before"><![CDATA[
				SELECT m.subject, IFNULL(mem.realName, m.posterName) AS posterName, m.posterTime, m.body
]]></search>
			<add><![CDATA[					,m.ID_BOARD, m.ID_TOPIC, m.ID_MEMBER, m.hiddenOption, m.hiddenValue, m.hiddenInfo
]]></add>
		</operation>
		<operation>
			<search position="before"><![CDATA[
	$context['can_hide_post'] = 0;
	$context['hidden_option'] = 0;
	$context['hidden_value'] = 0;
]]></search>
			<add><![CDATA[	$context['hidden_info'] = '';
]]></add>
		</operation>
		<operation>
			<search position="before"><![CDATA[
		$context['hidden_option'] = $row['hiddenOption'];
		$context['hidden_value'] = $row['hiddenValue'];
]]></search>
			<add><![CDATA[		$context['hidden_info'] = $row['hiddenInfo'];
]]></add>
		</operation>
		<operation>
			<search position="before"><![CDATA[
		$context['hidden_option'] = 0;
		$context['hidden_value'] = 0;
]]></search>
			<add><![CDATA[		$context['hidden_info'] = '';
]]></add>
		</operation>
		<operation>
			<search position="replace"><![CDATA[
	// Set hidden options for posts.
	$context['hidden_options'] = array(
		array('value' => 0, 'name' => $txt['hide_select']),
		array('value' => 1, 'name' => $txt['hide_login']),								
		array('value' => 2, 'name' => $txt['hide_reply']),
		array('value' => 3, 'name' => $txt['hide_karma']),
		array('value' => 4, 'name' => $txt['hide_posts']),
	);
]]></search>
			<add><![CDATA[
	// Set hidden options for posts.
	$context['hidden_options'] = array(
		array('value' => 0, 'name' => $txt['hide_select']),
		array('value' => 1, 'name' => $txt['hide_login']),								
		array('value' => 2, 'name' => $txt['hide_reply']),
		array('value' => 4, 'name' => $txt['hide_posts']),
	);
	if (!empty($modSettings['karmaMode']))
		$context['hidden_options'][] = array('value' => 3, 'name' => $txt['hide_karma']);
	if (allowedTo('moderate_board'))
		$context['hidden_options'][] = array('value' => 5, 'name' => $txt['hide_moderator']);
]]></add>
		</operation>
		<operation>
			<search position="replace"><![CDATA[
	// Fix the hidden post option.
	if (isset($_POST['hiddenOption']))
	{
		$_POST['hiddenOption'] = (int) $_POST['hiddenOption'];
		$_POST['hiddenValue'] = (int) $_POST['hiddenValue'];
		// Fix hidden option.
		if ($_POST['hiddenOption'] < 0 || $_POST['hiddenOption'] > 4)
			$_POST['hiddenOption'] = 0;
		// Fix hidden value.
		if ($_POST['hiddenValue'] > $modSettings['max_hiddenValue'])
			$_POST['hiddenValue'] = $modSettings['max_hiddenValue'];
		if ($_POST['hiddenValue'] < 0)
			$_POST['hiddenValue'] = 0;
		if ($_POST['hiddenOption'] < 3)
			$_POST['hiddenValue'] = 0;
	}
	else {
		$_POST['hiddenOption'] = 0;
		$_POST['hiddenValue'] = 0;
	}
]]></search>
			<add><![CDATA[
	// Fix the hidden post option.
	if (isset($_POST['hiddenOption']))
	{
		$_POST['hiddenOption'] = (int) $_POST['hiddenOption'];
		$_POST['hiddenValue'] = (int) $_POST['hiddenValue'];
		// Fix hidden option.
		if ($_POST['hiddenOption'] < 0 || $_POST['hiddenOption'] > 5)
			$_POST['hiddenOption'] = 0;
		// Fix hidden value.
		if ($_POST['hiddenValue'] > $modSettings['max_hiddenValue'])
			$_POST['hiddenValue'] = $modSettings['max_hiddenValue'];
		if ($_POST['hiddenValue'] < 0)
			$_POST['hiddenValue'] = 0;
		if ($_POST['hiddenOption'] < 3 || $_POST['hiddenOption'] == 5)
			$_POST['hiddenValue'] = 0;
		if (empty($_POST['hiddenOption'])) $_POST['hiddenInfo'] = '';
		if (!empty($modSettings['hidden_info_length']) && strlen($_POST['hiddenInfo']) > $modSettings['hidden_info_length'])
			$_POST['hiddenInfo'] = substr($_POST['hiddenInfo'], 0, $modSettings['hidden_info_length']);
	}
	else {
		$_POST['hiddenOption'] = 0;
		$_POST['hiddenValue'] = 0;
		$_POST['hiddenInfo'] = '';
	}
]]></add>
		</operation>
		<operation>
			<search position="before"><![CDATA[
		'hiddenOption' => (empty($_POST['hiddenOption']) ? 0 : $_POST['hiddenOption']),
		'hiddenValue' => (empty($_POST['hiddenValue']) ? 0 : $_POST['hiddenValue']),
]]></search>
			<add><![CDATA[		'hiddenInfo' => (empty($_POST['hiddenInfo']) ? 0 : $_POST['hiddenInfo']),
]]></add>
		</operation>
		<operation>
			<search position="replace"><![CDATA[
			,m.hiddenOption, m.hiddenValue, m.ID_MEMBER, m.ID_BOARD
]]></search>
			<add><![CDATA[
			,m.hiddenOption, m.hiddenValue, m.hiddenInfo, m.ID_MEMBER, m.ID_BOARD
]]></add>
		</operation>
		<operation>
			<search position="replace"><![CDATA[
				m.hiddenOption, m.hiddenValue,
]]></search>
			<add><![CDATA[
				m.hiddenOption, m.hiddenValue, m.hiddenInfo,
]]></add>
		</operation>
	</file>
	<file name="$sourcedir/Printpage.php">
		<operation>
			<search position="replace"><![CDATA[
			,m.hiddenOption, m.hiddenValue, m.ID_BOARD, m.ID_MEMBER
]]></search>
			<add><![CDATA[
			,m.hiddenOption, m.hiddenValue, m.hiddenInfo, m.ID_BOARD, m.ID_MEMBER
]]></add>
		</operation>
	</file>
	<file name="$sourcedir/Profile.php">
		<operation>
			<search position="replace"><![CDATA[
				m.hiddenOption, m.hiddenValue, m.ID_MEMBER,
]]></search>
			<add><![CDATA[
				m.hiddenOption, m.hiddenValue, m.hiddenInfo, m.ID_MEMBER,
]]></add>
		</operation>
	</file>
	<file name="$sourcedir/Recent.php">
		<operation>
			<search position="replace"><![CDATA[
			m.hiddenOption, m.hiddenValue,
]]></search>
			<add><![CDATA[
			m.hiddenOption, m.hiddenValue, m.hiddenInfo,
]]></add>
		</operation>
	</file>
	<file name="$sourcedir/Search.php">
		<operation>
			<search position="before"><![CDATA[
				m.icon, m.posterIP, m.body, m.smileysEnabled, m.modifiedTime, m.modifiedName,
]]></search>
			<add><![CDATA[				m.hiddenOption, m.hiddenValue, m.hiddenInfo,
]]></add>
		</operation>
		<operation>
			<search position="after"><![CDATA[
	// Sadly, we need to check the icon ain't broke.
]]></search>
			<add><![CDATA[
	// Hide the post in search or not? --- XD				
	if (!empty($modSettings['allow_hiddenPost']) && $message['hiddenOption'] > 0)
	{
		global $sourcedir;
		require_once($sourcedir . '/HidePost.php');
		$context['current_message'] = $message;
		$message['body'] = getHiddenMessage(1);
	} 	]]></add>
		</operation>
	</file>
	<file name="$sourcedir/Subs-Post.php">
		<operation>
			<search position="before"><![CDATA[
	$msgOptions['hiddenOption'] = empty($msgOptions['hiddenOption']) ? '-----' : $msgOptions['hiddenOption'];
	$msgOptions['hiddenValue'] = empty($msgOptions['hiddenValue']) ? 0 : $msgOptions['hiddenValue'];
]]></search>
			<add><![CDATA[	$msgOptions['hiddenInfo'] = empty($msgOptions['hiddenInfo']) ? '' : $msgOptions['hiddenInfo'];
]]></add>
		</operation>
		<operation>
			<search position="replace"><![CDATA[
			hiddenOption, hiddenValue,
]]></search>
			<add><![CDATA[
			hiddenOption, hiddenValue, hiddenInfo,
]]></add>
		</operation>
		<operation>
			<search position="replace"><![CDATA[
			'$msgOptions[hiddenOption]', '$msgOptions[hiddenValue]',
]]></search>
			<add><![CDATA[
			'$msgOptions[hiddenOption]', '$msgOptions[hiddenValue]', '$msgOptions[hiddenInfo]',
]]></add>
		</operation>
		<operation>
			<search position="before"><![CDATA[
	if (isset($msgOptions['hiddenOption']))
		$messages_columns[] = "hiddenOption = '$msgOptions[hiddenOption]'";
	if (isset($msgOptions['hiddenValue']))
		$messages_columns[] = "hiddenValue = '$msgOptions[hiddenValue]'";
]]></search>
			<add><![CDATA[	if (isset($msgOptions['hiddenInfo']))
		$messages_columns[] = "hiddenInfo = '$msgOptions[hiddenInfo]'";
]]></add>
		</operation>
	</file>
	<file name="$themedir/Post.template.php">
		<operation>
			<search position="replace"><![CDATA[
												', $context['max_hidden_value'], ' <input type="text" name="hiddenValue" value="', $context['hidden_value'], '" size="4" />';
]]></search>
			<add><![CDATA[
												', $context['max_hidden_value'], ' <input type="text" name="hiddenValue" value="', $context['hidden_value'], '" size="4" /><br />
												', $txt['hide_info'], ': <input type="text" name="hiddenInfo" value="', $context['hidden_info'], '" size="100" maxlength="', $modSettings['hidden_info_length'], '" />';		
]]></add>
		</operation>
	</file>
</modification>
