<?xml version="1.0"?>
<!DOCTYPE package-info SYSTEM "http://www.simplemachines.org/xml/package-info">
<package-info xmlns="http://www.simplemachines.org/xml/package-info" xmlns:smf="http://www.simplemachines.org/">
	<name>Hide Post</name>
	<id>XiaoqingZhou:HidePost</id>
	<type>modification</type>
	<version>1.1</version>
	<!--<install for="2.0">-->
	<install>
 		<readme type="file">readme.txt</readme>
		<code type="file">install.php</code>
		<modification format="xml" type="file">HidePost11_smf_2-0.xml</modification>
		<modification format="xml" type="file">HidePost_smf_2-0-classic.xml</modification>
		<require-file name="Sources/HidePost.php" destination="$sourcedir" />
        <require-dir name="languages" destination="$themedir" />
	</install>
	<!--<uninstall for="2.0">-->
	<uninstall>
		<readme type="inline">Thanks for trying this mod.  Post display will be restored to normal.</readme>
		<modification format="xml" type="file" reverse="true">HidePost11_smf_2-0.xml</modification>
		<modification format="xml" type="file" reverse="true">HidePost_smf_2-0-classic.xml</modification>
		<remove-file name="$languagedir/HidePost.english.php" />
		<remove-file name="$languagedir/HidePost.greek.php" />
		<remove-file name="$languagedir/HidePost.chinese-simplified.php" />
		<remove-file name="$languagedir/HidePost.chinese-simplified-utf8.php" />
		<remove-file name="$languagedir/HidePost.chinese-traditional.php" />
		<remove-file name="$languagedir/HidePost.chinese-traditional-utf8.php" />		
	</uninstall>	
</package-info>
