<?xml version="1.0"?>
<!DOCTYPE modification SYSTEM "http://www.simplemachines.org/xml/modification">
<modification xmlns="http://www.simplemachines.org/xml/modification" xmlns:smf="http://www.simplemachines.org/">
	<id>XiaoqingZhou:HidePostUpgrade</id>
	<version>1.0.6</version>
	<homepage>http://www.anetcity.com/bbs/index.php?board=125.0</homepage>
	<file name="$sourcedir/Recent.php">
		<operation>
			<search position="replace"><![CDATA[
			m.posterTime, m.subject, m.ID_TOPIC, m.ID_MEMBER, m.ID_MSG,
			m.hiddenOption, m.hiddenValue,
]]></search>
			<add><![CDATA[
			m.posterTime, m.subject, m.ID_TOPIC, m.ID_MEMBER, m.ID_MSG,
]]></add>
		</operation>
		<operation>
			<search position="replace"><![CDATA[
		// Hide the post or Not? For lastest 10 posts. --- XD
		$row['can_view_post'] = 1;
		if (!empty($modSettings['allow_hiddenPost']))
		{
			global $sourcedir;
			require_once($sourcedir . '/HidePost.php');
			// For latest 10 posts!!!
			$context['current_message'] = $row;
			$row['body'] = getHiddenMessage();
			$row['can_view_post'] = $context['can_view_post'];
		}
		// Censor the subject and post for the preview ;).
]]></search>
			<add><![CDATA[
		// Censor the subject and post for the preview ;).
]]></add>
		</operation>
		<operation>
			<search position="replace"><![CDATA[
		$posts[] = array(
			'can_view_post' => $row['can_view_post'],
]]></search>
			<add><![CDATA[
		$posts[] = array(
]]></add>
		</operation>
	</file>
</modification>
