<?xml version="1.0"?>
<!DOCTYPE modification SYSTEM "http://www.simplemachines.org/xml/modification">
<modification xmlns="http://www.simplemachines.org/xml/modification" xmlns:smf="http://www.simplemachines.org/">
	<id>XiaoqingZhou:HidePostUpgrade</id>
	<version>1.0.7</version>
	<homepage>http://www.anetcity.com/bbs/index.php?board=125.0</homepage>
	<file name="$sourcedir/Printpage.php">
		<operation>
			<search position="replace"><![CDATA[
			,hiddenOption, hiddenValue, ID_BOARD, ID_MEMBER
]]></search>
			<add><![CDATA[
			,m.hiddenOption, m.hiddenValue, m.ID_BOARD, m.ID_MEMBER
]]></add>
		</operation>
	</file>
</modification>
